"RegionName","City","State","Metro","CountyName","SizeRank","2010-01","2010-02","2010-03","2010-04","2010-05","2010-06","2010-07","2010-08","2010-09","2010-10","2010-11","2010-12","2011-01","2011-02","2011-03","2011-04","2011-05","2011-06","2011-07","2011-08","2011-09","2011-10","2011-11","2011-12","2012-01","2012-02","2012-03","2012-04","2012-05","2012-06","2012-07","2012-08","2012-09","2012-10","2012-11","2012-12","2013-01","2013-02","2013-03","2013-04","2013-05","2013-06","2013-07","2013-08","2013-09","2013-10","2013-11","2013-12","2014-01","2014-02","2014-03","2014-04","2014-05","2014-06","2014-07","2014-08","2014-09","2014-10","2014-11","2014-12","2015-01","2015-02","2015-03","2015-04","2015-05","2015-06","2015-07","2015-08","2015-09","2015-10","2015-11","2015-12","2016-01","2016-02","2016-03","2016-04","2016-05","2016-06","2016-07","2016-08","2016-09"
"Upper East Side","New York","NY","New York","New York",1,819.487179487179,781.25,784.985549132948,798.857142857143,805.053571428571,796.811188811189,781.25,777.245508982036,776.923076923077,797.333333333333,795.851489188087,765.217391304348,781.666666666667,751.032412965186,786.862745098039,772.222222222222,765.348639455782,765.348639455782,763.529411764706,773.75,753.867501180916,753.424657534247,768.75,753.246753246753,755.7096637145,765.47619047619,764.285714285714,794.736842105263,776.666666666667,796.078921078921,799.333333333333,800,814.164648910412,784.971098265896,815.715417980386,819.754938734684,829.187396351575,811.354723707665,801.119047619048,829.187396351575,821.140770586754,800,786.416666666667,833.333333333333,831.260364842454,813.657127502351,866.665333333333,833.333333333333,880,902.985302538652,909.821428571429,905.325443786982,887.777777777778,937.147058823529,939,898.461538461538,923.61147327249,903.125,930.200803212851,988.664874551971,950,1004.3077255382,1010.34767422795,1097.18309859155,1184.57300275482,1233.7552742616,1168.88888888889,1184.45322793149,1132.608311229,1121.53846153846,1192.95958279009,1192.95958279009,1250,1276.05964710395,1264.24050632911,1284.6865364851,1170.89802852515,1352.75339185954,1367.00409240487,1396.50482796138,1366.94394202893
"Spring Valley","Las Vegas","NV","Las Vegas","Clark",2,,,,,,,,,,,,,,,,,,,,,,,,,,,,,,,,,,,,,,,,,,,,,,,,94.9033391915641,92.8492857142857,95.5357142857143,94.8905109489051,95.467032967033,92.1428571428571,95.6126938614085,92.7152317880795,92.4264119628358,97.1428571428571,97,96.0769230769231,98.3636896202801,97.3053892215569,97.6650795940942,97.2789203084833,100,100.008787346221,102.393617021277,103.920688428506,102.678571428571,99.6517223910841,101.010701545779,102.920510091454,104.097961252095,106.642941874259,107.350858353528,107.530282637954,109.857142857143,112.582368685634,106.944444444444,106.944444444444,106.597222222222,109.203296703297
"Hollywood","Los Angeles","CA","Los Angeles-Long Beach-Anaheim","Los Angeles",3,,,,,,,,,,,,,,,,,,,,,,,,,,,,,,,,,,,,,,,,,,,,,,,,,,,,,,,,,,,,,,547.206277024005,539.354838709677,539.354838709677,546.164772727273,554.283736363419,558.267716535433,603.665286554805,619.37984496124,634.761904761905,665,688.976377952756,663.563829787234,654.7670405522,567.960963023077,575.838195989533,579.457727282186,595.020884343944,577.309236947791,577.640068470604,577.716643741403
"Williamsburg","New York","NY","New York","Kings",4,,,,,,,,,,,,,,,,,,,,,,,,,,,,,,,,,,,,,,,,,,,,,,,,,,,,,,,,,,,,,,1181.15055079559,1181.15055079559,1181.15055079559,1178.37078651685,1192.61323735955,1199.34282584885,1207.72946859903,1201.92079461009,1207.86516853933,1208.36749127968,1211.91135734072,1214.06378677847,1219.24253096099,1219.82210927573,1220.34050249063,1236.22077133313,1238.88182973316,1226.75644222776,1228.17955112219,1238.88182973316
"Harlem","New York","NY","New York","New York",5,,,,,,,,,,,,,,,,,,,,,,,,,,,,,,,,,,,,,,,,,,,,,,,,,,676.006,673.003,728.036156622887,676.006,686.567164179104,725,705.325274725275,729.521407049261,758.358662613982,727.699530516432,727.699530516432,702.380401457743,687.931034482759,700.746268656716,709.480141664559,746.85446487698,760.212642539826,803.363320384379,808.920646938818,813.564476885645,808.641975308642,820.707070707071,853.554966791275,814.40935708689,817.680028696978,778.712258811761,833.633958633959,909.090909090909,986.003110419907,1010.177257484,1020.32219824716,1027.9823269514
"Enterprise","Las Vegas","NV","Las Vegas","Clark",6,,,,,,,,,,,,,,,,,,,,,,,,,,,,,,,,,,,,,,,,,,,,,,,,,,,,,,,,,,,,,,,,,,,139.949109414758,143.765903307888,144.634274405267,144.634274405267,145.502645502645,146.310432569975,134.629536973336,133.948339483395,149.329268292683,155.392466585662,146.051557748402,147.455470737913,145.701219512195,145.731707317073,158.119658119658
"Downtown","San Jose","CA","San Jose","Santa Clara",7,,,,,,,,,,,,,,,,,,,,,,,,,,,,,,,,,,,,,,,,,,,,,,,,,,,,,,,,,,,,,,,,,,,,,502.33114570373,529.634300126103,554.736842105263,529.634300126103,526.750324287395,603.45473218225,567.368421052632,589.853855361211,594.854894415482,594.854894415482,592.250859106529,590,615.558060879369
"Sheepshead Bay","New York","NY","New York","Kings",8,,,,,,,,,,,,,,,,,,,,,,,,,,,,,,,,,,,,,,,,,,,,,,,,,,,,,,,,,,,238.666666666667,245.833333333333,244.615384615385,252.119402985075,252.380952380952,245.882352941176,275,268.1,261.2,263.1,260,263.602941176471,264.852941176471,264.117058823529,258.024691358025,259.756592292089,264.939759036145,259.756592292089,260.689655172414,265.166666666667,262.5,292.317259854573,313.333333333333
"Forest Hills","New York","NY","New York","Queens",9,,,,,,,,256.929523809524,260,260,256.111111111111,250.375,242.352941176471,226.149389354341,240,228.291666666667,224.137254901961,230.756578947368,252,259.924242424242,267.058823529412,261.25,256.25,254.032638974485,250.666666666667,250.285714285714,250.666666666667,265.019607843137,264.785373608903,257.647058823529,256.948529411765,254.285714285714,250.285714285714,253.222222222222,259.121621621622,259.538288288288,259.833333333333,253.446455505279,258.954954954955,251.454367301232,251.454367301232,260,264.705882352941,261.634615384615,277.990769230769,269,276.342105263158,276.342105263158,283.721804511278,281.25,282.053571428571,286.666666666667,283.781512605042,290.769230769231,281.25,284.761904761905,286.880952380952,282.278357963875,296.041666666667,296.433823529412,308.262152777778,324.951923076923,339.40188172043,305.555555555556,308.388380952381,331.25,321.538461538462,321.324786324786,338.010752688172,332.777777777778,358.333333333333,332,321.111111111111,328.790697674419,340.83962184874,347.904411764706,347.058823529412,351.764705882353,358.666666666667,359.055555555556,359.194444444444
"Jackson Heights","New York","NY","New York","Queens",10,,,,,,,,,,,,,,,,,,,,,,,,,,,,,,,238.666666666667,246.666666666667,246.666666666667,238.666666666667,239.144444444444,238.777777777778,238.888888888889,243.333333333333,246.666666666667,246.666666666667,252,241.176470588235,241.428571428571,243.809523809524,241.894841269841,243.333333333333,256,258.412698412698,262.857142857143,265.333333333333,263.888888888889,265.259259259259,263.944444444444,264.285714285714,263.428571428571,265.333333333333,270,278.666666666667,278.666666666667,284.615384615385,300,292,300,281.666666666667,281.666666666667,308.888888888889,312.882882882883,300,321.888888888889,333.225205070843,322.487373737374,314.285714285714,332,333.857142857143,351.666666666667,398.666666666667,398.666666666667,409.473684210526,424.989754098361,434.972677595628,436.842105263158
"Gramercy","New York","NY","New York","New York",11,,,,,,,,,,,,,,,,,,,,,,,,,,,,,,,,,,,,,,,,,,,,,,,,,,,,,,,,,,,,,,,,,,1367.07808123249,1489.91071428571,1553.1561461794,1560.8541860744,1560.8541860744,1553.1561461794,1553.1561461794,1371.35922330097,1473.37278106509,1534.17015341702,1497.04142011834,1541.60982264666,1473.9663093415,1370.32085561497,1466.53138421898,1485.4517611026
"Flagami","Miami","FL","Miami-Fort Lauderdale","Miami-Dade",12,,,,,,,,,,,,,,,,,,,,,,,,,,,,,,,,,,,,,,,,,,,,,,,,,,,,,,,,,,,,,,,,,,,,196.998201074288,179.310344827586,168.741965105601,192.140468227425,204.379562043796,227.272727272727,207.007299270073,209.051094890511,211.678832116788,230.271592130127,222.138686131387,222.065693430657,226.131386861314,229.124087591241
"Downtown","Memphis","TN","Memphis","Shelby",13,,,,,,,,,,,,,,,,,,,,,,,,,,,,,,,,,,,,,,,,,,,,,,,,,,,,,,,,,,,,,,,,,147.029232455389,146.488860438719,149.482516905822,148.255813953488,147.455414598272,146.930772308924,150.421179302046,150.709219858156,150.709219858156,150.709219858156,150.421179302046,153.429916953978,152.166829483729,152.248439929866,156.955425762381,156.244188209038,157.894736842105
"Chelsea","New York","NY","New York","New York",14,,,,,,,,,,,,,,,,,,,,,,,,,,,,,,,,,,,,,,,,,,,,,,,1290.17908391689,1290.92232933424,1290.32258064516,1290.03558718861,1290.52030958703,1288.23529411765,1328.61003026373,1422.78771119024,1481.39180962922,1448.36272040302,1522.14891611687,1576.21615239295,1722.22222222222,1770.83333333333,1770.83333333333,1779.97286079183,1756.06641123883,1754.88433578309,1722.22222222222,1706.12813370474,1663.47381864623,1673.05236270754,1710.1226993865,1710.1226993865,1756.06641123883,1739.14431673052,1766.03302611367,1770.83333333333,1833.33333333333,1626.30208333333,1660.37030411449,1911.23882503193,1789.55223880597,1760.91558853431,1731.68721752886
"Oak Lawn","Dallas","TX","Dallas-Fort Worth","Dallas",15,,,,,,,,,,,,,,,,,,,,,,,,,,,,,,,,,,,,,,188.944537815126,189.106107291401,187.267028732891,185.358255451713,184.950234950235,184.348984348984,185.680509484628,193.661971830986,194.955985915493,193.661971830986,191.960361866787,194.9375,199.600684540787,200.892857142857,199.538980678945,198.087431693989,197.115384615385,191.105769230769,191.619318181818,196.634570765661,209.552255169464,208.656219580031,205.844110092683,210.093896713615,211.097708082027,210.779082177161,212.764775413712,211.846318036286,211.776001827508,211.062590975255,211.062590975255,214.994487320838,215.381136950904,224.35174746336,227.080841866607,227.878249870904,227.925501509741,224.851297716492,228.87323943662,242.772511848341,254.070265638389,255.287920923284,254.145522429584,256.783286806651
"Greater Uptown","Houston","TX","Houston","Harris",16,,,,,,,,,,,,,,,,,,,,,,,,,,,,,,,,,,,,,,,,,,,,,,,,,,,,,,,,,,,,,,,,,,201.021450459653,208.786288488059,194.887348353553,226.132563374243,237.458563535912,231.504024598103,220.883977900552,227.108589371597,199.140401146132,216.295982692246,229.252577319588,225.509020618557,209.910391777384,214.105793450882,233.380480905233,225.44080604534
"South Loop","Chicago","IL","Chicago","Cook",17,,,,,,,,,,,,,,,,,,,,,,,,,,,,,,,,,,,,,,,,,,,,,,,,,,,262.82636622693,278.207955566446,276.111111111111,269.841708716389,269.416012121962,272.352216748768,264.778325123153,259.135802469136,259.761388286334,234.470158343484,247.562893081761,247.562893081761,281.325301204819,294.42970521542,306.040262172285,309.833333333333,308.503153153153,298.68578255675,299.750234082397,295.942891278375,295.315315315315,292.301866236858,277.060283687943,279.458333333333,285.923753665689,282.367447595561,293.092105263158,280.475875743556,274.9,277.777777777778,294.035980838251
"Makiki-Lower Punchbowl-Tantalus","Honolulu","HI","Urban Honolulu","Honolulu",18,,,,,,,,,,,,,,,,,,,,,,,,,,,,,,,,,,,,,,,,,,,,,,,,,,,533.853052647379,525.072895537525,533.11887254902,532.442748091603,525.072895537525,550.59691011236,510.416666666667,502.336448598131,498.470382572447,504.273504273504,517.241379310345,515.413743200759,509.404388714734,507.596550363156,526.905080213904,535.005701582621,526.455026455026,542.965992763153,540.29304029304,532.374100719424,561.224489795918,559.701492537313,572.866100323625,553.223456172722,586.767664044399,570.97288676236,567.902073931802,557.453416149068,557.453416149068,572.981366459627,573.086803159267
"Downtown","Los Angeles","CA","Los Angeles-Long Beach-Anaheim","Los Angeles",19,,,,,,,,,,,,,,,,,,,,,,,,,,,,,,,,,,,,,,,,,,,,,554.620765832106,567.117117117117,548.669003410383,564.048227986847,568.181818181818,568.181818181818,530.208333333333,545.977011494253,557.288491230848,567.010309278351,572.186836518047,584.880636604775,609.58904109589,622.015915119363,607.406960855237,607.406960855237,613.305613305613,640.810840465218,632.333333333333,624.327956989247,638.595135023706,635.353535353535,640.370092991325,654.347826086957,689.406318082789,709.330503833516,708.433734939759,696.081402257873,669.253296455182,643.75,672.448979591837,672.448979591837,685.858585858586,719.423741007194,719.74825771583,728.116710875332,740.939004815409
"Capitol Hill","Seattle","WA","Seattle","King",20,,,,,,,,,,,,,,,,,,,,,,,,,,,,,,,,,,,,,355.674498711773,359.632167283603,352.857142857143,374.764595103578,386.583888805359,372.503725782414,361.111111111111,377.291581162622,393.119266055046,397.215922654572,384.443907156673,389.473684210526,413.188388242894,421.012485224586,394.634903197086,406.357341679505,433.854907539118,455.033851117126,449.434039518174,431.25,449.610957793986,465.939526588846,449.730071494577,438.171845543184,448.807854137447,469.013264759193,452.069716775599,433.337348327908,449.174311926606,468.00195101448,489.32384341637,510.92907741371,529.366306027821,525.889967637541,526.665322649829,527.904163649149,530.932083380537,504.580745341615,519.021370866257,528.645963214798,537.546529292177,541.732283464567,538.50987432675,534.703145664085,535.310734463277
"Clinton","New York","NY","New York","New York",21,,,,,,,,,,,,,,,,,,,,,,,,,,,,,,,,,,,,1163.63636363636,1178.67867867868,1231.76823176823,1266.9046282185,1268.76876876877,1236.26373626374,1165,1231.70889163056,1272.52252252252,1279.7227443609,1304.6055577816,1308.27067669173,1307.37712634264,1346.15384615385,1357.14285714286,1355.07977260224,1350.88935088935,1420.02989536622,1416.04832380634,1426.42642642643,1412.06675224647,1412.06675224647,1426.42642642643,1429.4631710362,1442.30769230769,1447.54316069057,1449.27536231884,1449.81470179814,1449.70414201183,1438.28036258659,1431.12744962445,1432.7917282127,1424.74653320121,1427.94479873132,1416.77595397242,1427.94479873132,1427.94479873132,1432.7917282127,1462.39366856897,1418.34828101644,1441.35849489858,1464.28571428571,1485.40778313499,1475.60423005173,1499.25074925075,1499.25074925075
"Alexandria West","Alexandria","VA","Washington","Alexandria City",22,,,,,,,,,,,,,,,,,,,,,,,,,,,,,,,,,,,,,,,,,,,,,,,,,,,,290.43583535109,296.894736842105,298.267512305945,289.572659808167,285.935085007728,277.118644067797,286.373528344982,277.118644067797,289.346246973366,271.186440677966,291.457286432161,288.740920096852,302.892561983471,301.708428246014,302.415815796097,271.489104116223,277.844430992736,277.239709443099,281.415859564165,286.501377410468,282.415337615646,286.501377410468,284.503631961259,289.514866979656,282.415337615646,292.011019283747,294.077134986226,276.836825218952,260.290556900726,265.133171912833
"Financial District","New York","NY","New York","New York",23,,,,,,,,,,,,,,,,,,,,,,,,,,,,,,,,,,,,,,,,,,,,,,,,,,,,,,,,,,,,,,,,,,1700,1712.96296296296,1732.95454545455,1781.45514223195,1800.92592592593,1800.17846794163,1779.99603030203,1800.17846794163,1770.93596059113,1785.20625889047,1760,1776.19555141154,1800.17846794163,1798.71263964915,1822.40391749906,1832.22931227018
"Flatiron District","New York","NY","New York","New York",24,,,,,,,,,,,,,,,,,,,,,,,,,,,,,,,,,,,,,,,,,,,,,,,,,,,,,,,,1679.19799498747,1762.34979973298,1747.15447154472,1879.89944592653,1893.93939393939,1918.18181818182,1760.93916755603,1788.58924189767,1715.62082777036,1714.95327102804,1683.50168350168,1744.95454364606,1923.07692307692,2088.01723899005,2010.29532414488,2000,2016.42225031606,1966.9923857868,1975.07482229704,1994.52384178906,1947.67441860465,1980.45267489712,1975.57471264368,2010.79769533691,2046.48645794837,2062.28956228956
"Landmark-Van Dom","Alexandria","VA","Washington","Alexandria City",25,,,,,,,,,,,,,,,,,,,,,,,,,,,,,,,,,,,,,,,,,,,,,,,,,,,,,,,,,,,,,,204.199772985244,198.68154158215,204.510253246372,204.193548387097,199.884125144844,193.156373517787,198.809523809524,202.365308804205,195.719489981785,193.49319999712,190.25417779699,187.62677484787,186.709562287323,186.664024946704,187.62677484787,195.719489981785,205.883390127471,206.672932330827,204.199772985244,206.672932330827
"Flamingo Lummus","Miami Beach","FL","Miami-Fort Lauderdale","Miami-Dade",26,313.148148148148,313.753581661891,303.236797274276,288.093573791882,281.176470588235,273.740763570227,278.947368421053,282.027281167424,292.134831460674,283.041589517163,285.698637494346,276.595716198126,272.18045112782,279.032258064516,277.591973244147,285.528031290743,297.862431616676,293.221093731569,300.617387966786,307.72476788985,310.993640699523,325.519016774622,332.323232323232,333.556747095621,312.361111111111,317.666666666667,319.419790104948,331.944444444444,327.272727272727,324.786324786325,339.225041500449,344.307456080929,355.281207133059,322.990126939351,343.093146706658,346.220582369366,355.994766327584,363.51661444773,369.083720985287,364.516129032258,377.777777777778,385.674931129477,394.524959742351,398.550724637681,414.15098629029,412.931034482759,400.297619047619,415.281654948994,423.883318140383,434.102099817407,426.755218216319,416.317580164057,425.183479211492,430.020194370819,430.625155048375,433.182629107981,431.997724927291,432.378740970072,439.393610084764,442.459016393443,451.715407290663,445.409429280397,437.5,439.705882352941,449.34033196198,441.696113074205,439.705882352941,450.549450549451,445.3300124533,448.05876674743,459.344229644106,463.471196889146,472.618145466858,463.471196889146,454.545454545455,462.730145739383,466.235854177976,459.070796460177,464.555488560614,459.070796460177,456.416209371043
"Winchester","Las Vegas","NV","Las Vegas","Clark",27,,,,,,,,,,,,,,,,,,,,,,,,,,,,,,,,,,,,,,,,,,,,,,,,,,,,,113.366960907945,110.169491525424,93.6454849498328,102.925684485007,107.061790668348,100,96.5,96.5,104.171494785632,95.9911320831469,104.171494785632,104.171494785632,103.012746234067,100.252206809584,99.3421052631579,103.650586701434,103.567318757192,97.813578826237,97.813578826237,104.539722572509,100.695249130939,100.695249130939,105.45267888065,105.629102555739,105.541069100391,102.913248025055,105.708245243129,105.124835742444,105.98651032842
"Brickell","Miami","FL","Miami-Fort Lauderdale","Miami-Dade",28,250.94816687737,255.451127819549,259.9,270.204988913525,281.25,272.343324250681,270.980926430518,262.242259124719,273.444782168186,261.604364063905,272.838328792007,276.430517711172,280.2734375,298.837116559524,293.124368048534,290.009775171065,314.007512095747,312.291666666667,319.84129125252,311.989100817439,320.284237726098,320.284237726098,335.483870967742,339.630924630925,325,324.601366742597,319.230769230769,342.377260981912,367.897727272727,359.628770301624,354.879594423321,344.019728729963,355.413961038961,348.929879148629,372.945638432364,391.291638307367,393.081761006289,394.980184940555,395.822012891792,393.561786085151,398.666666666667,404.551201011378,421.313506815366,424.739195230999,433.622141740471,445.409429280397,432.989690721649,444.036403912702,442.326164410625,434.835476686544,441.195062095635,447.056886663144,454.556962025316,454.441913439636,454.398826979472,450.741598434097,461.994478951001,461.441213653603,470.055190930788,468.564650059312,465.123813004533,463.662790697674,453.588531248106,453.900709219858,448.521916411825,442.710409524569,440.379403794038,446.521287642783,447.570963294028,446.521287642783,458.374689826303,459.863000373325,454.907161803714,455.3038285915,446.009389671361,450.607475885535,444.015444015444,441.25862635557,439.481268011527,444.297082228117,440.789473684211
"Waikiki","Honolulu","HI","Urban Honolulu","Honolulu",29,552.599784019588,574.358974358974,572.556845670053,544.984104356877,541.431261770245,545.205479452055,518.44262295082,528.63436123348,523.310023310023,528.455284552846,520.93220788873,506.461086637298,509.401709401709,491.776798825257,508.42753535108,508.083140877598,526.755852842809,536.889087656529,534.180071263087,534.611495683285,541.818034018411,532.454361054767,538,550.047254016591,541.666666666667,528.089887640449,539.325842696629,555.762081784387,549.617182062245,550.621669626998,552.454780361757,596.833205479452,600.484261501211,596,598.152424942263,598.086124401914,598.152424942263,600.484261501211,598.086124401914,599.568240153666,618.613138686131,575.057736720554,607.423345337647,597.935290740589,592.762744686312,579.745450929701,585.595756500546,575.221238938053,582.107843137255,564.121893401156,571.1525479343,603.574370956632,610.236220472441,590.158749057427,614.754098360656,601.647383453551,592.253579884993,620.748299319728,617.513206517695,620.272314674735,595.505617977528,593.75,589.887640449438,636.612021857924,631.930670955061,637.786869728013,647.348433929292,630.395340446369,642.384105960265,644.304138465165,632.536382536382,624.899355877617,630.651244233424,598.245614035088,630.255092563928,615.288220551378,619.333591631151,625.448028673835,632.241881540619,621.492007104796,620.401175966191
"Back Bay","Boston","MA","Boston","Suffolk",30,,,,,,,,,,,,,,,,,,,,,,,,,,,,,,,,,,,,,,,,,,,,,,,,,,,900.556867846587,846.327683615819,858.949880668258,893.996168582376,890.941546077685,846.708478300678,845.93023255814,871.140939597315,870.93023255814,918.371212121212,984.9157054126,1013.143483023,1003.29489291598,1009.10134715026,1006.43572327044,1010.36269430052,1025.70620946177,1008.23723228995,1005.90103294249,981.083523218355,983.14606741573,965.367965367965,1034.89888197219,1039.30131004367,1054.05405405405,1006.60873387728,988.785046728972,986.70504824351,1008.96112014002,1012.82051282051,1015.53166069295
"Sutton Place","New York","NY","New York","New York",31,,,,,,,,,,,,,,,,,,,,,,,,,,,,,,,,,,,,,,,,,,,,,,,,,,,,821.052631578947,821.052631578947,813.636363636364,852.380952380952,892.327586206897,869.728735005453,835.743080146545,825,813.141025641026,825,842.696629213483,823.030303030303,873.92984379282,877.073170731707,878.947368421053,925.833333333333,900,932,926.666666666667,915,926.774193548387,900,850,850,850.967741935484,850,887.016848364718,885.175090849026,850.967741935484,885.175090849026
"Streeterville","Chicago","IL","Chicago","Cook",32,351.113989637306,358.25,359.270833333333,359.270833333333,355.414012738854,330.666666666667,340.536070715711,338.747380239521,349.333333333333,353.152173913043,352.087440381558,350.742240215924,334.999,332.433333333333,317.515923566879,330.119047619048,317.834394904459,333.2,316.556291390728,326.785714285714,333.2,333.543733092876,349.9,336.032388663968,311.25,314.084993098008,342.714285714286,343.645833333333,341.844558949822,321.428571428571,329.94948285769,326.589130434783,331.830477908025,327.181818181818,327.181818181818,324.377680982895,328.8125,341.257504288165,347.04641350211,338.882504288165,342.251420454545,339,347.651006711409,342.675159235669,339.304379288165,340.939597315436,347.385620915033,350.191082802548,350.191082802548,345.612100456621,343,357.009199574441,338.551890587289,355.867346938775,367.459459459459,364.479166666667,341.538461538462,351.295336787565,340,331.135910721403,333.333333333333,330.751295336788,333.333333333333,341.583333333333,334.848484848485,331.818181818182,342.80612244898,341.25,339,335.102098510384,335.176470588235,341.538461538462,329.545454545455,329.545454545455,329.545454545455,339.623142250531,344.407079646018,335.961538461538,337.268069786763,336.413043478261,331.521739130435
"Metro West","Orlando","FL","Orlando","Orange",33,,,,,,,,,,,,,,,,,,,,,,,,,,,,,,,,,,,,,,,,,,,,,,,,,,,,,,,,,,,,,94.7521865889213,93.0750180256434,89.3141945773525,90.1639344262295,90.6801007556675,94.6101458696182,94.8877980364656,96.5824665676077,96.063829030905,97.5786442101697,96.5824665676077,98.7891019172553,98.6819618849934,98.5748218527316,99.3220338983051,103.668261562998,105.743276958138,104.255926946989,104.843592330979,103.688730188027,103.668261562998
"Midtown","Atlanta","GA","Atlanta","Fulton",34,194.263702034595,196.319964209279,197.946962233169,202.405063291139,202.018759018759,195.026178010471,190.307934332264,196.335078534031,193.576249665865,189.746835443038,189.592131843218,187.955346650999,183.526392016137,183.264130697997,180.411119364608,167.977620377439,168.591224018476,164.809582309582,168.404243946764,171.551724137931,178.738719064118,178.658564814815,171.628993818426,165.257352941176,166.013071895425,162.973195573325,161.211567540323,169.783941618177,167.689633507853,170.189645142525,166.453265044814,162.040718158477,161.944444444444,161.007138023267,170.816044260028,168.404083769634,177.276353276353,177.62962962963,184.011627906977,191.666666666667,193.306623931624,200.954482758621,202.969006568144,199.84,198.905472636816,208.502949852507,207.987042001787,209.334978746743,208.371060466071,216.414829797849,216.99196326062,216,218.970551474162,219.240837696335,228.571428571429,232.412766101465,231.125977361899,234.643139043978,238.264793514412,237.450699126657,246.719467121563,240.579710144928,231.920710868079,233.549783549784,233.333333333333,245.377622377622,252.112014498537,259.238505747126,253.648915187377,262.253594771242,252.823529411765,252.823529411765,258.376326869478,258.132526274119,266.796875,262.135922330097,262.521891418564,259.603271859887,257.307107076302,264.23421067379,280.088495575221
"Spuyten Duyvil","New York","NY","New York","Bronx",35,255.172413793103,252.941176470588,254.808429118774,255.384615384615,265.521064301552,250,250,237.5,255.714285714286,264.010532150776,266.678660805747,258.571428571429,269.411764705882,249.857142857143,257.692307692308,264.966740576497,264.983370288248,251.461988304094,247.058823529412,240.536743744061,238.359201773836,234.117647058824,235.571428571429,244.117647058824,235.571428571429,238.666666666667,239.56926799758,234.117647058824,225.952813067151,225.805161290323,222.221111111111,226.769509981851,233.103448275862,230.330882352941,236.842105263158,235.210084033613,234.705882352941,230.018382352941,227.5,227.586206896552,227.865773809524,227.6026272578,227.6026272578,230.9375,232.549019607843,236.25,233.725490196078,231.25,233.222222222222,237.375,235.713235294118,243.070362473348,246.56862745098,246.896551724138,246.666666666667,239.553571428571,245.816696914701,234.647058823529,234.647058823529,239,242.714285714286,237.356428571429,236.558823529412,235.712857142857,235.444663865546,237.857142857143,237.857142857143,241.945378151261,241.945378151261,242.714285714286,242.714285714286,242.714285714286,229.67501815541,228.428571428571,224.794117647059,225,228.428571428571,231.666666666667,232.467532467532,232.900432900433,236.119047619048
"Wynwood - Edgewater","Miami","FL","Miami-Fort Lauderdale","Miami-Dade",36,,,,,,,,,,,,,,,,,,,,,,,,,262.886597938144,262.886597938144,273.943181572168,280.350438047559,289.623836455756,289.308176100629,307.173415967999,309.111895146987,309.75954738331,290.533188248096,309.75954738331,317.185697808535,325.170068027211,328.494623655914,338.181818181818,337.78801843318,339.416058394161,354.164942937676,361.702127659574,363.74695863747,360.082304526749,385.265700483092,389.061779071802,389.061779071802,386.666666666667,379.834254143646,385.290353736569,395.070482374538,390.428211586902,384.130982367758,380.198955420194,390.642340929013,394.26523297491,391.77354508905,412.31098575477,413.416536661466,417.180783817952,414.781297134238,419.940580575797,415.93238966896,380.076880771787,375.906711346172,382.947976878613,382.395382395382,393.69407514043,394.190871369295,410.872313527181,410.872313527181,419.332770054569,428.571428571429,424.911267402722,418.556227009984,417.344257439723,414.129110840438,413.158978257083,407.358738501971,409.280672850053
"Dupont Circle","Washington","DC","Washington","District of Columbia",37,,,,,,,,,,,,,,,,,,,,,,,,,,,,,,,,,,,,,,,,,,,,,,,,,,,,,,,,,,,,,,,626.163596854305,609.668571035242,615.995260663507,643.198529411765,560.277110182751,632.322784416231,581.25,581.856732776618,639.674588665448,617.308778178343,593.502377179081,647.338129496403,656.25,633.371252453247,629.301306389207,635.571645384729,631.368421052632,599.588476471637,555.555555555556
"North Shore","Miami Beach","FL","Miami-Fort Lauderdale","Miami-Dade",38,,,,,,,,,,,,,,,,,,,,,,,,,,,,,,,,,,,,,,,,,,,,,,,,,,,,,,,413.998357963875,363.757396449704,329.787234042553,316.292195980667,350.566026552869,372.736954206603,356.25,360.873789335815,326.682238985085,320.457120668143,302.197802197802,307.017543859649,326.791888107892,322.137020620077,351.748153806977,347.199574618929,376.237623762376,362.341772151899,382.978723404255,384.615384615385,384.881949733435,362.341772151899,385.148514851485,385.148514851485,398.4,384.615384615385,386.119257086999
"Riverdale","New York","NY","New York","Bronx",39,,,,,,,,,,,,246.597222222222,236.052631578947,227.857142857143,214.606617647059,214.556962025316,208.071895424837,214.285714285714,208.356617647059,212.436974789916,214.421338155515,198.571428571429,209.920634920635,238,212.941176470588,220,220.555555555556,236.25,220,223.75,222.352941176471,216.326530612245,218.163265306122,221.176470588235,228.27731092437,229.411764705882,211.25,208.75,213.877777777778,224.375,213.877777777778,212.233006535948,210,212.233006535948,209.630952380952,207.25,206.666666666667,207.833333333333,210,194,194,194.444444444444,193.650793650794,192.857142857143,203.75,199.888888888889,206.066176470588,205.882352941176,206.25,209.444444444444,208.333333333333,212,212.25,210,209.0625,212.375,211,208.388157894737,211.823529411765,206.458333333333,211.11,206.666666666667,208.68,205.555555555556,205.660130718954,205.764705882353,216.555555555556,222.560975609756,230.666666666667,241.052631578947,244.05572755418
"Downtown","Atlanta","GA","Atlanta","Fulton",40,,,,,,,,,,,,,,,,,,,,,,,,,,,,,,,,,,,,,,,,,,,,,,,,,,,,,,157.933453490608,162.393162393162,154.623154623155,152.777777777778,157.169607480166,156.241032998565,159.888517973467,159.888517973467,162.135045445629,157.677021266512,173.223570190641,161.049723756906,173.690932311622,172.884615384615,183.040047845789,197.420634920635,183.246073298429,183.246073298429,181.159420289855,181.159420289855,177.507381014204,170.196215993497,171.171171171171,172.078720787208,178.919316430873,185.459940652819,179.491525423729,191.252333516758
"North Riverdale","New York","NY","New York","Bronx",41,,,,,,,,,,,,,,,,,,,,,,,,,,,,,,217.698412698413,217.698412698413,222.444444444444,215.142857142857,215.878787878788,217.333333333333,206.666666666667,206.666666666667,204.761904761905,204.027777777778,199.933333333333,200.625,201.25,197.904761904762,194.061868686869,193.676349206349,185.52380952381,185.027777777778,184.285714285714,183.705357142857,183.125,181.770833333333,184.285714285714,184.722222222222,186.206896551724,197.547619047619,196.428571428571,198.666666666667,200,186.85275862069,187.5,185.333333333333,193.266666666667,193.266666666667,192.72997032641,192.916709301136,198.823529411765,193.725490196078,196.532507739938,193.508771929825,200,199.411764705882,199.348739495798,199.705882352941,193.333333333333,198.666666666667,196.285714285714,200,200,200,209.030303030303,212
"Downtown","Miami","FL","Miami-Fort Lauderdale","Miami-Dade",42,259.857894805585,269.662921348315,257.034254143646,260.047281323877,265.323803335499,252.212389380531,270.062376482213,271.175780094647,271.304589014664,277.777777777778,278.267045454545,277.303549100702,277.580071174377,298.909943054402,282.258064516129,260.267403105937,274.687854710556,289.55223880597,290.322580645161,293.867571557759,299.557956777996,303.658536585366,306.146572104019,343.195266272189,326.966065747614,324.232081911263,323.863636363636,331.958860759494,358.166189111748,353.427895981087,350.7751611053,347.985713563332,375.147928994083,358.166189111748,360.810700395464,379.579842931937,391.261963842609,390.818858560794,384.615384615385,378.639053254438,391.666666666667,403.225806451613,411.286919831224,404.097366395297,406.786175288982,407.212895661065,390.818858560794,401.891252955083,411.789772727273,413.813199285231,411.789772727273,402.1113243762,414.708640474697,412.159661777348,413.823039115359,413.823039115359,413.593380614657,408.455803062513,418.250950570342,421.73785897743,424.050632911392,420.5,426.095643346221,420.118343195266,417.192118939734,412.162162162162,406.758448060075,408.869367992207,413.71158392435,416.340755024333,417.910447761194,420.529566086661,417.771883289125,415.632754342432,420.719797424272,412.416607874445,410.154947916667,401.964648216672,398.936170212766,398.648648648649,395.982193210016
"Ballston-Virginia Square","Arlington","VA","Washington","Arlington",43,,,,,,,,,,,,,,,,,,,,,,,,,,,,,,,,,,,,,,,,,,,,,,,,,,,,,,,,,,,,,,,532.0813771518,528.953229398664,533.422459893048,533.422459893048,512.162162162162,538.272606382979,541.836620744781,535.048638259482,533.729468073534,524.587706146927,514.188748826063,526.7605226642,537.616191904048,540,540.678338547081,537.617554858934,534.900575918823,531.350961739898,532.699635479951
"Downtown","Long Beach","CA","Los Angeles-Long Beach-Anaheim","Los Angeles",44,,,,,,,,,,,,,,,,,,,,,,,,,,,,,,,,,,,,,,,,,,,,,,,,,,,,,,,,,,,,,,,372.967479674797,386.804093779488,348.313692480359,343.232323232323,339.47259018759,334.523095238095,354.761904761905,378.7875,375.494071146245,380.999589416058,379.352874989181,391.698689926736,451.453904089999,465.555555555556,408.78785848298,440.238980519274,460.645424836601,471.311475409836,471.311475409836
"Hunters Point","New York","NY","New York","Queens",45,,,,,,,,,,,,,,,,,,,,,,,,,,,,,,,,,,,,,,,,,,,,,,,,,,,,,,,,,,,,,,,,,,,,,1059.11330049261,1075.18796992481,1083.72062044876,1059.11330049261,1045.11278195489,1055.48037889039,1082.54397834912,1082.54397834912,1082.54397834912,1085.51487882197,1086.61417322835,1090.90909090909,1091.54929577465
"North-East Coconut Grove","Miami","FL","Miami-Fort Lauderdale","Miami-Dade",46,,,,,,,,,,,,,,,,,,,,,,,,,,,,,,,,,,,,,,,,,,,,,,,302.226935312831,300.734679777628,311.699402220324,317.073170731707,350,382.258064516129,340.410428497677,378.139986874653,345.333333333333,338.941681853684,336.463223787167,356.697819314642,355.500808391498,359.760594386351,351.884119085772,366.482504604052,337.836336336336,337.836336336336,346.809608016505,373.188405797101,325.552325581395,359.780907668232,359.780907668232,392.405063291139,405.063291139241,400.76073907824,396.419437340153,430.769230769231,422.535973168885,417.721518987342,416.455696202532,404.615384615385,404.339250493097,403.782528472355,402.694610778443
"Red Hook","New York","NY","New York","Kings",47,,,,,,,,,,,,,,,,,,,,,,,,,,,,,,,,,,,,,,,,,,,,,,,,,,,,,,,,,,,,,,,,,,,,,975,975,975,975,975,975,975,975,975,975,975,975,975
"Kings Point","Delray Beach","FL","Miami-Fort Lauderdale","Palm Beach",48,34.366391184573,34.297520661157,33.7465564738292,32.9201101928375,29.6052631578947,29.2479108635097,29.6052631578947,30.9917355371901,30.9917355371901,31.2786960514233,28.8382411460406,26.1707988980716,26.1842105263158,26.1707988980716,25.2410468319559,23.6828947368421,23.6842105263158,24.103305785124,25.4820936639118,24.7933884297521,26.1707988980716,26.3026315789474,26.1707988980716,26.8595041322314,30.2618421052632,28.9256198347107,30.3030303030303,30.9409888357257,32.7631578947368,32.9411764705882,32.9306433317128,32.0247933884297,32.9201101928375,34.297520661157,34.435261707989,34.6796657381616,34.435261707989,34.8189415041783,34.435261707989,34.435261707989,37.534435261708,38.4297520661157,38.1542699724518,39.5152941176471,42.3367043642163,41.3779310344828,42.6997245179063,44.6052631578947,42.0388277761945,41.1845730027548,41.1845730027548,41.9736842105263,45.3168044077135,50.9641873278237,49.0697042192258,45.9677419354839,52.2038567493113,52.8236914600551,52.3519283746556,54.9586776859504,57.8443526170799,59.0849282296651,59.0849282296651,60.5371900826446,63.1578947368421,65.1315789473684,67.3553719008264,65.8867986080905,68.732782369146,68.870523415978,72.2368421052632,72.2368421052632,72.8650137741047,72.2222222222222,71.3815789473684,71.6253443526171,72.0394736842105,75.7575757575758,75.7575757575758,77.6315789473684,79.7520661157025
"Old Fourth Ward","Atlanta","GA","Atlanta","Fulton",49,,,,,,,,,,,,,,,,,,,,,,,,,,,,,,,,,,,,,,,,,,,,,,,,,,,,,,,,,,,,,,,160.535714285714,171.135029354207,171.135029354207,168.617354196302,154.77112521841,142.678571428571,142.977570936659,148.453379674017,159.637912673056,165,162.303452747609,166.672509225092,165.847665847666,169.036281680182,169.560878243513,165.932203389831,167.182671826718,174.028268551237,168.511685116851
"Palm Aire","Pompano Beach","FL","Miami-Fort Lauderdale","Broward",50,,,,,,,,,,,,,,,,,,,,,,,,,,,,,,,,,,,,,,,,,,,,,,,91.1458333333333,89.4444444444444,94.6006944444444,95.4512352507375,95.4954830383481,93.75,93.6458333333333,98.8541666666667,98.9583333333333,98.6458333333333,91.40625,100.663716814159,99.7872340425532,100.840707964602,103.125,104.0625,102.083333333333,100.465277777778,104.479166666667,102.615131578947,101.5625,98.6458333333333,102.03125,100.989583333333,103.020833333333,105.9375,103.125,115.052083333333,117.522123893805,118.761061946903,112.118469495091,114.371312684366,124.895833333333,119.791666666667,117.604166666667
"Oceanfront","Miami Beach","FL","Miami-Fort Lauderdale","Miami-Dade",51,355.555555555556,349.750110789604,338.412684557063,334.170430632963,311.942959001783,307.291666666667,302.184466019417,295.454545454545,301.9186792907,295.522971652004,295.258701038896,291.666666666667,295.454545454545,291.666666666667,274.459411556186,270.297619047619,280.898876404494,278.150641125636,277.777777777778,280.898876404494,291.666666666667,301.234567901235,297.833935018051,291.666666666667,290.123456790123,273.255813953488,284.294545145714,285.714285714286,284.942084942085,304.124893427239,305.454994240579,305.973845849019,313.625731445599,311.775846702317,320.328541341024,335.634547591069,342.105263157895,349.462365591398,342.105263157895,347.5,344.086021505376,348.803070175439,357.823473282443,355.721241631162,357.823473282443,361.904761904762,357.823473282443,364.166666666667,362.595419847328,386.666666666667,386.666666666667,396.919431279621,403.225806451613,403.225806451613,393.446177478436,401.508785332315,409.254946427844,409.254946427844,408.631198083881,410.998001142204,421.633554083885,421.813017643446,407.65306122449,403.887878497814,408.602150537634,403.307818480044,394.417475728155,390.702274975272,392.857142857143,404.21365914787,456.989247311828,445.121951219512,454.986427249096,461.2536900369,473.468104222821,463.55459057072,464.894156879803,471.088909002298,469.80627585511,459.183673469388,459.183673469388
"Downtown","New York","NY","New York","Kings",52,,,,,,,,,,,,,,,,,,,,,,,,,,,,,,,,,,,,,,,,,,,,,,,,,,,,,,,,,,,,,,,,,,1120.57667103539,1100.26041666667,1110.35454892966,1100.26041666667,1100.91743119266,1110.35454892966,1118.42105263158,1100.58892392966,1091.86540570175,1100.16420361248,1087.23958333333,1081.25819134993,1080.93126385809,1081.09472760401,1081.25819134993,1080.93126385809
"Belltown","Seattle","WA","Seattle","King",53,,,,,,,,,,,,,,,,,,,,,,,,,,,,,,,,,,,,,412.450447031039,394.736842105263,392.496018104113,441.102941176471,426.119916424384,423.43335752298,423.064102564103,427.101200686106,432.683853459973,452.760736196319,462.91278404048,440.334128878282,454.896483733158,471.046180998137,480.630165289256,476.652298850575,474.137931034483,486.787204450626,480.56978150655,470.967741935484,456.537998681538,457.255520504732,451.378365089949,444.126074498567,459.494791407576,491.419656786271,509.150326797386,500.783699059561,509.228175485401,544.21768707483,538.121909736763,567.423291786135,578.975014886012,572.139303482587,548.926014319809,592.278719397363,596.611887021686,609.570041608877,625.922577448436,588.477366255144,573.770491803279,575.651219412258,566.069524859847,554.381084840056,549.05364286242
"Beechmont","Louisville","KY","Louisville/Jefferson County","Jefferson",54,,,,,,,,,,,,,,,,,,,,,,,,,,,,,,,,,,,,,,,,,,,,,,,,,,,,,,,,,,,,,,,,89.1754181778812,88.3514350694877,88.0524861878453,88.0524861878453,87.2023809523809,83.2142857142857,84.0162661643417,83.2142857142857,82.5688352826511,84.8182466143977,84.8182466143977,85.8282208588957,84.0162661643417,83.3317423548179,88.3924836145586,84.1428571428571,84.1428571428571,85.5496894409938
"Downtown","Saint Paul","MN","Minneapolis-St Paul","Ramsey",55,,,,,,,,,,,,,,,,,,,,,,,,,,,,,,,,,,,,,,,,,,,,,,,,,,,,,,,,,,,,,,,,,,,,,,177.77619047619,180.588235294118,182.133304392834,192.179487179487,180.892768574546,185.933710590137,205.281549520767,212.535689768699,226.966292134831,223.578751164958,222.47191011236,206.428840696566
"North Buckhead","Atlanta","GA","Atlanta","Fulton",56,,,,,,,,,,,,,,,,,,,,,,,,,,,,,,,,,,,,,,,,,,,,,,214.121258633922,245.183776932826,247.38219895288,245.253718285214,240.572648326367,226.986128625473,240.507436570429,231.481481481481,240.384615384615,241.796804457559,245.77553593947,243.086172344689,232.054260871868,229.937514912909,227.034120734908,237.375,239.711934156379,242.798353909465,245.884773662551,244.204545454545,250.945775535939,240.000613563301,239.770412886502,233.122338455842,233.692841589548,233.692841589548,232.904869273798,235.813366960908,238.773558758315,246.477272727273,247.942386831276,256.172839506173,256.127392864482,256.081946222791,242.624527112232,265.217391304348
"Isle of Normandy","Miami Beach","FL","Miami-Fort Lauderdale","Miami-Dade",57,128.865979381443,125,114.130434782609,120,114.404666932589,108.694565217391,103.748910200523,117.671232876712,116.463821566561,116.833174435914,120.053771184406,113.698630136986,108.935461956522,118.845500848896,115.225296146349,109.78021978022,123.318518518519,131.004366812227,131.399317406143,121.428571428571,134.886910964244,128.972705859498,134.12017167382,128.700128700129,139.705882352941,139.705882352941,144.654347143754,146.595744680851,143.510638297872,146.936486201812,170.689655172414,169.97458739165,172.624237140366,160.194174757282,168.486388660107,168.369565217391,171.892697466468,168.492861778066,169.56530404358,171.967213114754,184.184782608696,183.695652173913,180.995475113122,179.347826086957,177.392510402219,181.25,190.217391304348,190.41095890411,195.97423510467,195.97423510467,195.246179966044,196.296296296296,202.464788732394,213.930348258706,214.393358386379,209.158415841584,227.922077922078,216.417910447761,234.452380952381,222.413793103448,227.173913043478,226.095728451564,204.48311076198,195.674475722653,199.375,198.009950248756,198.717948717949,199.302093718843,215.105070368228,217.75449809184,220.713073005093,244.233828207847,258.915455746367,264.852822654504,257.978641395401,258.064516129032,256.25,248.732429733602,250,249.834874504624,257.987335161248
"South Central Beach","Hollywood","FL","Miami-Fort Lauderdale","Broward",58,185.183333333333,181.091051805338,183.908045977011,183.908045977011,184.9,182.992465016146,182.053803339518,182.857142857143,188.457142857143,189.320388349515,199.656750572082,198.44385026738,197.833424060969,198.943944444444,195.531521538177,194.166666666667,200.228832951945,198.917137271215,198.705882352941,202.281759699245,199,198.999,199.510403916769,195.876288659794,195,191.76072234763,192.183741408935,194.166666666667,194.166666666667,213.318284424379,237.010309278351,230.883227597145,245.073891625616,228.505069708492,252.417135355959,254.197391522448,260.662525879917,263.089526718571,253.16329113924,255.818347140837,260.249067083225,271.333333333333,278.247422680412,289.594752975117,304.643261608154,303.089244851259,304.072164948454,308.924485125858,312.173913043478,313.118279569892,314.451612903226,316.189655172414,320.197044334975,319.377147766323,322.834645669291,322.429906542056,327.859569648924,327.283022753011,331.123583808317,333.89634601044,333.743842364532,328.035163529182,327.293318233296,326.923076923077,329.702154626109,326.923076923077,342.574215017627,348.859060402685,339.811379440581,345.336347197107,353.333333333333,353.533251733986,366.555555555556,350.206611570248,354.957160342717,360.411899313501,362.134688691233,360.823711340206,358.131468406471,355.140186915888,350.514432989691
"Beach","Pompano Beach","FL","Miami-Fort Lauderdale","Broward",59,196.773360215054,184.643840956341,193.548387096774,218.75,206.25,201.69819579288,214.646464646465,197.97213963964,214.646464646465,206.25,194.74716652136,179.662921348315,178.571428571429,186.245016310257,191.788181120491,198.276878097061,198.196948682386,196.320696563415,182.522624434389,180.56043956044,183.308006707189,184.876291363709,177.503226731679,188.788647423259,189.566395663957,193.789215686275,191.5,190.13202247191,178.777393310265,183.770719127043,183.166666666667,179.775280898876,189.48275862069,204.69596554452,230.263157894737,217.105263157895,215.277777777778,214.601769911504,218.625,220.268810679612,209.397403108401,210.439666143783,221.511866235167,210.702341137124,221.238938053097,224.157303370787,228.07080425077,229.766319593021,219.298245614035,227.395489746164,221.165976739602,220.332883490778,219.298245614035,218.971156705323,219.9,243.158530933323,247.447755146566,224.875,221.850613154961,220.875306577481,227.497301410345,232.943469785575,228.539576365663,219.353548387097,218.785112359551,216.110599078341,213.846153846154,217.935483870968,212.5,218.75,224.997820401046,232.873851294904,244.431152758394,243.766937669377,252.808988764045,248.092926490985,250,247.47191011236,243.766937669377,255.555555555556,250
"South Pointe","Miami Beach","FL","Miami-Fort Lauderdale","Miami-Dade",60,509.89818021754,500.650195058518,481.048104956268,481.048104956268,477.428180574555,471.830985915493,466.101694915254,475.609756097561,474.291364535267,477.428180574555,498.709590517241,480.930988240149,471.830985915493,492.957746478873,485.365853658537,466.216216216216,465.014577259475,480.62015503876,486.463414634146,489.296636085627,508.746355685131,532.27189009487,524.20870539139,508.373914187944,503.81679389313,503.81679389313,560.546765020553,615.658049353701,621.621621621622,546.932465152804,508.746355685131,547.784382284382,611.045828437133,615.384615384615,641.284403669725,614.12993573612,629.370629370629,602.154159406783,617.909347098949,613.695090439276,610.439457565464,544.794188861986,594.057497096539,582.944606413994,591.109107081089,612.5,587.046004842615,604.116222760291,674.887223684633,649.247871724936,628.02350710514,669.323114790781,699.414305346509,696.125907990315,681.693989071038,658.595641646489,658.595641646489,625.36443148688,653.725301739275,654.501072855765,684.883691783225,695.732838589981,657.142857142857,640.183486238532,626.822157434402,627.476882430647,681.693989071038,684.669838358363,681.213967012583,681.061061813807,707.439888647301,695.945945945946,696.509863429438,711.382113821138,706.997084548105,725.740646126278,725.181598062954,700.763358778626,701.733030740664,696.864111498258,699.530516431925
"Central Business District","Orlando","FL","Orlando","Orange",61,,,,,,,,,,,,,,,,,,,,,,,,,,,,,,,,,,,,,,,,,,,,,,,,,,,,,,,,,,,,,,,,228.816382520086,222.242990654206,224.731182795699,220.380088960909,240.821917808219,238.829151732378,243.896560303539,248.643243243243,248.643243243243,259.9,257.530485342809,255.675029868578,247.965770051688,238.805970149254,237.375088078919,245.984455958549,244.94344749147,242.982965543941
"Lower Grand Lagoon","Panama City","FL","Panama City","Bay",62,,,,,,,,,,,,,,,,,,,,,,,,,,,,,,,,,,,,,,,,,,,,,,203.174226626619,206.070287539936,201.277955271566,206.070287539936,199.543899657925,210.573476702509,215.226657858311,215.174405436014,215.174971687429,211.324570273003,208.321882121223,215.062287655719,214.043035107588,212.374020156775,212.206047032475,205.379833837364,200.892857142857,200.892857142857,204.802938846858,208.286674132139,208.634355030141,208.982035928144,208.245011574296,208.333333333333,207.856160792886,207.507987220447,200.569676459293,204.064969724605,207.047406783876,199.498674461287,220.83805209513,217.477849576977,227.916194790487,230.690826727067,228.438109506732,228.438109506732
"City Center","Miami Beach","FL","Miami-Fort Lauderdale","Miami-Dade",63,,,,,,,,,,,,,,,,,,,,,,,,,,,,,,,,,,,,,,,,,,,,,,,,,,,,,,,607.710605708981,612.903225806452,663.669064748201,654.751199040767,583.912815770943,591.389064951528,568.328404049596,585.644371941272,543.232610078242,522.006525285481,522.006525285481,522.006525285481,519.969278033794,519.969278033794,520.73732718894,536.866359447005,536.744966442953,539.20220082531,537.973583634131,512.167123498563,519.796373003761,519.796373003761,511.191023366396,513.866231647635,494.071146245059,499.231950844854,499.231950844854
"Hillcrest","Hollywood","FL","Miami-Fort Lauderdale","Broward",64,,,,,,,,,,,,,,,,,,,,,,,,,,,,,,,,,,,,,,,,,,,,,,,,,,,,,,,,,,,,,99.4136695171026,99.3874007936508,97.0982142857143,94.9586407332886,94.6552579365079,96.2855256539235,89.7844790315607,91.2824603873239,94.2091112012987,97.65625,97.7777777777778,97.5901875901876,97.9331544824502,99.4444444444444,99.4707131678963,98.0885311871227,99.4707131678963,99.748490945674,101.186022384306,101.948051948052,102.03722334004
"The Strip","Las Vegas","NV","Las Vegas","Clark",65,,,,,,,,,,,,,,,,,,,,,,,,,,,,,,,,,,,,,,,,,,460.384368308351,497.005988023952,499.778773912063,502.899353221204,508.023944137016,501.87265917603,511.296076099881,500,504.270642899383,492.678529062871,519.550045913682,493.055962467645,485.116608359548,520.042328042328,515.947467166979,520.561685055166,520.042328042328,534.539473684211,504.21787493588,514.52784503632,513.244353182752,515.761503367662,513.222552392868,509.090909090909,504.6904315197,512.056959200071,515.276928698414,516.014234875445,513.126491646778,504.6904315197,491.206509954662,480.072463768116,460.897435897436,475.138121546961,497.643878847767,497.643878847767,504.6904315197,500.48813405218,498.102016607355,496.006128702758
"Galt Mile","Fort Lauderdale","FL","Miami-Fort Lauderdale","Broward",66,212.825278810409,212.473245465811,222.352941176471,227.016023115314,232.543520309478,224.280268755135,212.825278810409,210.919117647059,222.366688508222,213.550600343053,219.3125,223.809523809524,226.515151515152,215.909090909091,211.25,213.754646840149,219.1894127378,211.25,212.728063241107,210.422105263158,212.728063241107,222.798235294118,216.472029788974,224.375,229.357798165138,229.779411764706,230.889705882353,223.411764705882,220,212.375,220,222.352941176471,243.658536585366,248.206896551724,233.793103448276,233.942006269592,246.779218266254,241.405791430248,252.173913043478,246.315789473684,256.916996047431,258.235294117647,272.444852941176,274.466354254423,274.066185762426,265.052738336714,273.757371524853,273.79949452401,268.697977214601,275,287.121212121212,276.674364896074,272.286123219049,264.349192762375,260.9726017362,271.940667490729,274.28677399772,282.347092245989,275.821167883212,279.357782224094,276.600790513834,275.889328063241,261.162594776748,259.043570549788,277.240915703014,269.165964616681,249.01625,250.697767481045,249.5,256.470588235294,248.199131513648,257.882134266346,261.379310344828,261.379310344828,251.578947368421,249.875,265.151515151515,259.375,267.074799124907,290.186560150376,276.766824294774
"Rittenhouse","Philadelphia","PA","Philadelphia","Philadelphia",67,448.480463096961,448.480463096961,446.40434192673,429.06976744186,422.072936660269,418.290854572714,418.520427286357,419.061876247505,394.605394605395,391.540615518311,399.874686716792,377,375.722543352601,393.625,399.655639164807,401.439539347409,403.301886792453,399.506781750925,396.037735849057,384.923799302176,384.923799302176,401.224330520462,404.858299595142,375.189855316285,357.910002907822,411.831472099329,418.200836820084,405.754655291249,406.82490799288,413.586413586414,410.294117647059,412.017087390222,405.537459283388,389.922078656717,383.731011729072,377.707808564232,426.300578034682,436.390532544379,424.242424242424,419.864375593542,424.242424242424,446.308724832215,456.488022573996,454.411764705882,451.559934318555,449.215406562054,453.35085413929,443.285371702638,438.177623990773,459.662288930582,449.44512946979,449.44512946979,432.924107142857,454.545454545455,450.485601594639,448.916408668731,447.469567970729,429.719626168224,429.719626168224,433.847637415622,464.164772727273,485.347439230934,467.329545454545,445.492662473795,450.604420273281,464.077669902913,470.977578815078,470.92866756393,472.687913139712,472.687913139712,543.041412084182,533.051104364942,523.060796645702,503.351458870332,478.213507625272,502.912621359223,501.047941116982,472.60613114763,471.517810514717,508.146487294469,506.464798131465
